{
    "PERE_MARIEE": {
        "JOB": {
            "F1_ok": 0.9714285714285714,
            "F1_strict": 0.9428571428571428
        },
        "LOC": {
            "F1_ok": 0.9138576779026217,
            "F1_strict": 0.9138576779026217
        },
        "PER": {
            "F1_ok": 0.9714285714285713,
            "F1_strict": 0.9333333333333333
        },
        "DATE": {
            "F1_ok": 0,
            "F1_strict": 0
        }
    },
    "MARIEE": {
        "JOB": {
            "F1_ok": 1.0,
            "F1_strict": 0.9722222222222222
        },
        "LOC": {
            "F1_ok": 0.967857142857143,
            "F1_strict": 0.9321428571428572
        },
        "PER": {
            "F1_ok": 0.9895470383275262,
            "F1_strict": 0.8989547038327526
        },
        "DATE": {
            "F1_ok": 0.9907407407407407,
            "F1_strict": 0.9074074074074074
        }
    },
    "PERE_MARI": {
        "JOB": {
            "F1_ok": 1.0,
            "F1_strict": 0.9166666666666666
        },
        "LOC": {
            "F1_ok": 0.9714285714285714,
            "F1_strict": 0.9571428571428572
        },
        "PER": {
            "F1_ok": 0.9953488372093023,
            "F1_strict": 0.986046511627907
        },
        "DATE": {
            "F1_ok": 0,
            "F1_strict": 0
        }
    },
    "MERE_MARI": {
        "JOB": {
            "F1_ok": 0.9714285714285714,
            "F1_strict": 0.8857142857142857
        },
        "LOC": {
            "F1_ok": 0.9599999999999999,
            "F1_strict": 0.9542857142857143
        },
        "PER": {
            "F1_ok": 0.9716981132075472,
            "F1_strict": 0.9245283018867925
        },
        "DATE": {
            "F1_ok": 0,
            "F1_strict": 0
        }
    },
    "MERE_MARIEE": {
        "JOB": {
            "F1_ok": 0.9722222222222222,
            "F1_strict": 0.8888888888888888
        },
        "LOC": {
            "F1_ok": 0.9387755102040817,
            "F1_strict": 0.9387755102040817
        },
        "PER": {
            "F1_ok": 0.9859154929577464,
            "F1_strict": 0.9107981220657277
        },
        "DATE": {
            "F1_ok": 0,
            "F1_strict": 0
        }
    },
    "MARI": {
        "JOB": {
            "F1_ok": 0.9722222222222222,
            "F1_strict": 0.7222222222222222
        },
        "LOC": {
            "F1_ok": 0.9530685920577618,
            "F1_strict": 0.8844765342960289
        },
        "PER": {
            "F1_ok": 0.968421052631579,
            "F1_strict": 0.8842105263157896
        },
        "DATE": {
            "F1_ok": 1.0,
            "F1_strict": 0.9444444444444444
        }
    },
    "ADMIN": {
        "JOB": {
            "F1_ok": 0,
            "F1_strict": 0
        },
        "LOC": {
            "F1_ok": 0.8387096774193549,
            "F1_strict": 0.5806451612903225
        },
        "PER": {
            "F1_ok": 0.9090909090909091,
            "F1_strict": 0.7727272727272727
        },
        "DATE": {
            "F1_ok": 1.0,
            "F1_strict": 0.9722222222222222
        }
    },
    "TEMOIN": {
        "JOB": {
            "F1_ok": 0.846153846153846,
            "F1_strict": 0.8307692307692307
        },
        "LOC": {
            "F1_ok": 0.8345323741007195,
            "F1_strict": 0.7913669064748202
        },
        "PER": {
            "F1_ok": 0.8927789934354486,
            "F1_strict": 0.8446389496717724
        },
        "DATE": {
            "F1_ok": 0,
            "F1_strict": 0
        }
    },
    "EX_EPOUX": {
        "JOB": {
            "F1_ok": 0,
            "F1_strict": 0
        },
        "LOC": {
            "F1_ok": 0,
            "F1_strict": 0
        },
        "PER": {
            "F1_ok": 0.9714285714285714,
            "F1_strict": 0.9571428571428572
        },
        "DATE": {
            "F1_ok": 0,
            "F1_strict": 0
        }
    }
}